Track Name,Artist Name,Album Name,Added At
Shine,Benjamin Francis Leftwich,Shine (Kygo Remix),1
It's a Longer Road to California Than I Thought,The Wind and The Wave,From The Wreckage,2
Bloom (Bonus Track),The Paper Kites,Woodland,3
Hero,Family of the Year,Loma Vista,4
Jewel,Bombay Bicycle Club,Flaws,5
For What It's Worth (India Dub),"DJ Drez, Joey Lugassy",Jahta Beat: The Lotus Memoirs,6
Follow the Sun,Xavier Rudd,Follow the Sun,7
The High Road,Broken Bells,Broken Bells,8
Green Mountain State,Trevor Hall,Chapter Of The Forest,9
Ganesha,Wah!,Yoga Revolution,10
10 Laws,East Forest,The Education Of The Individual Soul,11
Yesterday,Rara Avis,Shaktified EP 1,12
Om Tara Tuttare [Red Fulka Remix],"Deva Premal, Miten",Yoga Revolution,13
Spirit Bird,Xavier Rudd,Spirit Bird,14
Come Away To The Water,"Maroon 5, Rozzi",The Hunger Games: Songs From District 12 And Beyond,15
Kingdom Come,The Civil Wars,The Hunger Games: Songs From District 12 And Beyond,16
All My Days,Alexi Murdoch,Time Without Consequence,17
Rivers And Roads,The Head and the Heart,The Head And The Heart,18
Home As A Romanticized Cocept Where Everyone Loves You Always And Forever,Woodpigeon,Songbook,19
Atlas Hands,Benjamin Francis Leftwich,Last Smoke Before The Snowstorm,20
Prayer of St. Francis,Sarah McLachlan,Yoga Revolution,21
Sea Dreamer (feat. Sting),"Anoushka Shankar, Karsh Kale, Sting",Yoga Revolution,22
Like Real People Do,Hozier,Hozier,23
Youth,Daughter,If You Leave,24
Forever,Ben Harper,Welcome To The Cruel World,25
"Flightless Bird, American Mouth",Iron & Wine,The Shepherd's Dog,26
Save Me,Ryan Adams,Ashes & Fire,27
Blindsided,Bon Iver,"For Emma, Forever Ago",28
Such Great Heights,Iron & Wine,Around The Well,29
Te Amo,Trevor Hall,Everything Everytime Everywhere,30
There's No Leaving Now,The Tallest Man On Earth,There's No Leaving Now,31
Everywhere I Go,Lissie,Catching A Tiger,32
Lua,Bright Eyes,"I'm Wide Awake, It's Morning",33
Moonlight,Message To Bears,Maps,34
Wonderwall,Ryan Adams,Love Is Hell,35
Dirty Rain - In Studio Acoustic Version,Ryan Adams,Ashes & Fire,36
Painter (Valentine),LÃ¥psley,Station,37
As I'm Leaving,David Gray,Ladder 49,38
Creature Fear,Bon Iver,"For Emma, Forever Ago",39
The Wolves (Act I and II),Bon Iver,"For Emma, Forever Ago",40
Claire De Lune,Laura Sullivan,Piano Solos,41
Celeste,Pete Kuzma,Equilibrium,42
Dust On The Ground,Bombay Bicycle Club,Flaws,43
7 Feathers,Nahko and Medicine for the People,Dark as Night,44
Wash It Away,Nahko and Medicine for the People,Wash It Away,45
Jagadeesha,Trevor Hall,Chapter Of The Forest,46
Sunu,Rising Appalachia and the Human Experience,Soul Visions,47
Old Love,Eric Clapton,Unplugged [Deluxe],48
Love and Altar,The Low Anthem,Smart Flesh,49
Moving Like a Cloud,"Asian Zen: Spa Music Meditation, Wang Jianmin",Once Upon a Time in China: Take a Trip Through Ancient China With These 20 Traditional Chinese Music Pieces,50
Lost In The Light,Bahamas,Barchords,51
Dusty Trails,Lucius,Good Grief,52
Northern Sky,Nick Drake,A Treasury,53
Gospel,The National,Boxer,54
Big Black Car,Gregory Alan Isakov,This Empty Northern Hemisphere,55
